model,environment,epoch,eval_return
DECISION TRANSFORMER,acrobot,10,-500.0
DECISION TRANSFORMER,acrobot,20,-500.0
DECISION TRANSFORMER,acrobot,30,-499.9
DECISION TRANSFORMER,acrobot,40,-500.0
DECISION TRANSFORMER,acrobot,50,-500.0
DECISION TRANSFORMER,acrobot,60,-500.0
DECISION TRANSFORMER,acrobot,70,-500.0
DECISION TRANSFORMER,acrobot,80,-500.0
DECISION TRANSFORMER,acrobot,90,-500.0
DECISION TRANSFORMER,acrobot,100,-500.0
DECISION TRANSFORMER,acrobot,110,-500.0
DECISION TRANSFORMER,acrobot,120,-500.0
DECISION TRANSFORMER,acrobot,130,-500.0
DECISION TRANSFORMER,acrobot,140,-500.0
DECISION TRANSFORMER,acrobot,150,-500.0
DECISION TRANSFORMER,acrobot,160,-500.0
DECISION TRANSFORMER,acrobot,170,-500.0
DECISION TRANSFORMER,acrobot,180,-500.0
DECISION TRANSFORMER,acrobot,190,-441.1
DECISION TRANSFORMER,acrobot,200,-378.6
DECISION TRANSFORMER,acrobot,210,-327.4
DECISION TRANSFORMER,acrobot,220,-316.1
DECISION TRANSFORMER,acrobot,230,-358.9
DECISION TRANSFORMER,acrobot,240,-402.5
DECISION TRANSFORMER,acrobot,250,-304.1
DECISION TRANSFORMER,acrobot,260,-373.3
DECISION TRANSFORMER,acrobot,270,-260.7
DECISION TRANSFORMER,acrobot,280,-244.2
DECISION TRANSFORMER,acrobot,290,-216.0
DECISION TRANSFORMER,acrobot,300,-219.1
DECISION TRANSFORMER,acrobot,310,-209.3
DECISION TRANSFORMER,acrobot,320,-198.7
DECISION TRANSFORMER,acrobot,330,-228.0
DECISION TRANSFORMER,acrobot,340,-189.1
DECISION TRANSFORMER,acrobot,350,-171.3
DECISION TRANSFORMER,acrobot,360,-208.9
DECISION TRANSFORMER,acrobot,370,-180.0
DECISION TRANSFORMER,acrobot,380,-213.5
DECISION TRANSFORMER,acrobot,390,-279.7
DECISION TRANSFORMER,acrobot,400,-216.6
DECISION TRANSFORMER,acrobot,410,-263.2
DECISION TRANSFORMER,acrobot,420,-246.0
DECISION TRANSFORMER,acrobot,430,-261.0
DECISION TRANSFORMER,acrobot,440,-327.9
DECISION TRANSFORMER,acrobot,450,-314.7
DECISION TRANSFORMER,acrobot,460,-286.1
DECISION TRANSFORMER,acrobot,470,-294.6
DECISION TRANSFORMER,acrobot,480,-312.6
DECISION TRANSFORMER,acrobot,490,-345.0
DECISION TRANSFORMER,acrobot,500,-366.2
DECISION TRANSFORMER,acrobot,510,-348.2
DECISION TRANSFORMER,acrobot,520,-385.2
DECISION TRANSFORMER,acrobot,530,-341.7
DECISION TRANSFORMER,acrobot,540,-379.1
DECISION TRANSFORMER,acrobot,550,-407.5
DECISION TRANSFORMER,acrobot,560,-436.8
DECISION TRANSFORMER,acrobot,570,-412.5
DECISION TRANSFORMER,acrobot,580,-414.0
DECISION TRANSFORMER,acrobot,590,-349.8
DECISION TRANSFORMER,acrobot,600,-423.5
DECISION TRANSFORMER,acrobot,610,-320.0
DECISION TRANSFORMER,acrobot,620,-323.6
DECISION TRANSFORMER,acrobot,630,-361.1
DECISION TRANSFORMER,acrobot,640,-368.9
DECISION TRANSFORMER,acrobot,650,-329.6
DECISION TRANSFORMER,acrobot,660,-351.0
DECISION TRANSFORMER,acrobot,670,-354.4
DECISION TRANSFORMER,acrobot,680,-353.9
DECISION TRANSFORMER,acrobot,690,-312.5
DECISION TRANSFORMER,acrobot,700,-350.9
DECISION TRANSFORMER,acrobot,710,-375.4
DECISION TRANSFORMER,acrobot,720,-407.9
DECISION TRANSFORMER,acrobot,730,-377.4
DECISION TRANSFORMER,acrobot,740,-394.5
DECISION TRANSFORMER,acrobot,750,-381.7
DECISION TRANSFORMER,acrobot,760,-393.0
DECISION TRANSFORMER,acrobot,770,-349.0
DECISION TRANSFORMER,acrobot,780,-377.9
DECISION TRANSFORMER,acrobot,790,-394.7
DECISION TRANSFORMER,acrobot,800,-432.1
DECISION TRANSFORMER,acrobot,810,-385.8
DECISION TRANSFORMER,acrobot,820,-412.5
DECISION TRANSFORMER,acrobot,830,-418.4
DECISION TRANSFORMER,acrobot,840,-440.4
DECISION TRANSFORMER,acrobot,850,-425.3
DECISION TRANSFORMER,acrobot,860,-421.1
DECISION TRANSFORMER,acrobot,870,-400.5
DECISION TRANSFORMER,acrobot,880,-418.5
DECISION TRANSFORMER,acrobot,890,-466.6
DECISION TRANSFORMER,acrobot,900,-435.3
DECISION TRANSFORMER,acrobot,910,-416.2
DECISION TRANSFORMER,acrobot,920,-456.2
DECISION TRANSFORMER,acrobot,930,-468.6
DECISION TRANSFORMER,acrobot,940,-466.4
DECISION TRANSFORMER,acrobot,950,-465.9
DECISION TRANSFORMER,acrobot,960,-492.1
DECISION TRANSFORMER,acrobot,970,-457.5
DECISION TRANSFORMER,acrobot,980,-488.9
DECISION TRANSFORMER,acrobot,990,-426.3
DECISION TRANSFORMER,acrobot,1000,-448.5
DECISION TRANSFORMER,cartpole,10,9.4
DECISION TRANSFORMER,cartpole,20,9.3
DECISION TRANSFORMER,cartpole,30,9.4
DECISION TRANSFORMER,cartpole,40,9.3
DECISION TRANSFORMER,cartpole,50,9.1
DECISION TRANSFORMER,cartpole,60,9.2
DECISION TRANSFORMER,cartpole,70,9.7
DECISION TRANSFORMER,cartpole,80,9.5
DECISION TRANSFORMER,cartpole,90,9.3
DECISION TRANSFORMER,cartpole,100,9.2
DECISION TRANSFORMER,cartpole,110,9.3
DECISION TRANSFORMER,cartpole,120,9.4
DECISION TRANSFORMER,cartpole,130,9.7
DECISION TRANSFORMER,cartpole,140,9.7
DECISION TRANSFORMER,cartpole,150,9.3
DECISION TRANSFORMER,cartpole,160,9.4
DECISION TRANSFORMER,cartpole,170,9.3
DECISION TRANSFORMER,cartpole,180,9.7
DECISION TRANSFORMER,cartpole,190,9.6
DECISION TRANSFORMER,cartpole,200,9.4
DECISION TRANSFORMER,cartpole,210,9.2
DECISION TRANSFORMER,cartpole,220,9.2
DECISION TRANSFORMER,cartpole,230,9.2
DECISION TRANSFORMER,cartpole,240,9.4
DECISION TRANSFORMER,cartpole,250,9.3
DECISION TRANSFORMER,cartpole,260,9.4
DECISION TRANSFORMER,cartpole,270,9.3
DECISION TRANSFORMER,cartpole,280,9.6
DECISION TRANSFORMER,cartpole,290,9.3
DECISION TRANSFORMER,cartpole,300,9.1
DECISION TRANSFORMER,cartpole,310,9.2
DECISION TRANSFORMER,cartpole,320,9.5
DECISION TRANSFORMER,cartpole,330,9.2
DECISION TRANSFORMER,cartpole,340,9.7
DECISION TRANSFORMER,cartpole,350,9.2
DECISION TRANSFORMER,cartpole,360,9.2
DECISION TRANSFORMER,cartpole,370,9.7
DECISION TRANSFORMER,cartpole,380,8.9
DECISION TRANSFORMER,cartpole,390,9.1
DECISION TRANSFORMER,cartpole,400,9.1
DECISION TRANSFORMER,cartpole,410,9.2
DECISION TRANSFORMER,cartpole,420,9.0
DECISION TRANSFORMER,cartpole,430,9.7
DECISION TRANSFORMER,cartpole,440,9.3
DECISION TRANSFORMER,cartpole,450,9.5
DECISION TRANSFORMER,cartpole,460,9.0
DECISION TRANSFORMER,cartpole,470,9.3
DECISION TRANSFORMER,cartpole,480,9.1
DECISION TRANSFORMER,cartpole,490,9.6
DECISION TRANSFORMER,cartpole,500,9.2
DECISION TRANSFORMER,cartpole,510,9.4
DECISION TRANSFORMER,cartpole,520,9.1
DECISION TRANSFORMER,cartpole,530,9.3
DECISION TRANSFORMER,cartpole,540,9.4
DECISION TRANSFORMER,cartpole,550,9.8
DECISION TRANSFORMER,cartpole,560,9.4
DECISION TRANSFORMER,cartpole,570,9.0
DECISION TRANSFORMER,cartpole,580,9.2
DECISION TRANSFORMER,cartpole,590,9.7
DECISION TRANSFORMER,cartpole,600,9.8
DECISION TRANSFORMER,cartpole,610,8.9
DECISION TRANSFORMER,cartpole,620,9.4
DECISION TRANSFORMER,cartpole,630,9.1
DECISION TRANSFORMER,cartpole,640,9.7
DECISION TRANSFORMER,cartpole,650,8.7
DECISION TRANSFORMER,cartpole,660,9.2
DECISION TRANSFORMER,cartpole,670,8.8
DECISION TRANSFORMER,cartpole,680,9.0
DECISION TRANSFORMER,cartpole,690,9.1
DECISION TRANSFORMER,cartpole,700,9.4
DECISION TRANSFORMER,cartpole,710,9.3
DECISION TRANSFORMER,cartpole,720,9.3
DECISION TRANSFORMER,cartpole,730,9.8
DECISION TRANSFORMER,cartpole,740,9.5
DECISION TRANSFORMER,cartpole,750,9.2
DECISION TRANSFORMER,cartpole,760,9.4
DECISION TRANSFORMER,cartpole,770,9.6
DECISION TRANSFORMER,cartpole,780,9.6
DECISION TRANSFORMER,cartpole,790,8.8
DECISION TRANSFORMER,cartpole,800,9.3
DECISION TRANSFORMER,cartpole,810,9.2
DECISION TRANSFORMER,cartpole,820,9.5
DECISION TRANSFORMER,cartpole,830,9.4
DECISION TRANSFORMER,cartpole,840,9.3
DECISION TRANSFORMER,cartpole,850,9.2
DECISION TRANSFORMER,cartpole,860,9.3
DECISION TRANSFORMER,cartpole,870,9.5
DECISION TRANSFORMER,cartpole,880,9.9
DECISION TRANSFORMER,cartpole,890,8.9
DECISION TRANSFORMER,cartpole,900,9.1
DECISION TRANSFORMER,cartpole,910,9.2
DECISION TRANSFORMER,cartpole,920,9.3
DECISION TRANSFORMER,cartpole,930,9.6
DECISION TRANSFORMER,cartpole,940,9.1
DECISION TRANSFORMER,cartpole,950,9.2
DECISION TRANSFORMER,cartpole,960,9.3
DECISION TRANSFORMER,cartpole,970,9.2
DECISION TRANSFORMER,cartpole,980,9.3
DECISION TRANSFORMER,cartpole,990,9.5
DECISION TRANSFORMER,cartpole,1000,9.3
DECISION TRANSFORMER,mountaincar,10,-200.0
DECISION TRANSFORMER,mountaincar,20,-200.0
DECISION TRANSFORMER,mountaincar,30,-200.0
DECISION TRANSFORMER,mountaincar,40,-200.0
DECISION TRANSFORMER,mountaincar,50,-200.0
DECISION TRANSFORMER,mountaincar,60,-200.0
DECISION TRANSFORMER,mountaincar,70,-200.0
DECISION TRANSFORMER,mountaincar,80,-200.0
DECISION TRANSFORMER,mountaincar,90,-200.0
DECISION TRANSFORMER,mountaincar,100,-200.0
DECISION TRANSFORMER,mountaincar,110,-200.0
DECISION TRANSFORMER,mountaincar,120,-200.0
DECISION TRANSFORMER,mountaincar,130,-200.0
DECISION TRANSFORMER,mountaincar,140,-200.0
DECISION TRANSFORMER,mountaincar,150,-200.0
DECISION TRANSFORMER,mountaincar,160,-200.0
DECISION TRANSFORMER,mountaincar,170,-200.0
DECISION TRANSFORMER,mountaincar,180,-200.0
DECISION TRANSFORMER,mountaincar,190,-200.0
DECISION TRANSFORMER,mountaincar,200,-200.0
DECISION TRANSFORMER,mountaincar,210,-200.0
DECISION TRANSFORMER,mountaincar,220,-200.0
DECISION TRANSFORMER,mountaincar,230,-200.0
DECISION TRANSFORMER,mountaincar,240,-200.0
DECISION TRANSFORMER,mountaincar,250,-200.0
DECISION TRANSFORMER,mountaincar,260,-200.0
DECISION TRANSFORMER,mountaincar,270,-200.0
DECISION TRANSFORMER,mountaincar,280,-200.0
DECISION TRANSFORMER,mountaincar,290,-200.0
DECISION TRANSFORMER,mountaincar,300,-200.0
DECISION TRANSFORMER,mountaincar,310,-200.0
DECISION TRANSFORMER,mountaincar,320,-200.0
DECISION TRANSFORMER,mountaincar,330,-200.0
DECISION TRANSFORMER,mountaincar,340,-200.0
DECISION TRANSFORMER,mountaincar,350,-200.0
DECISION TRANSFORMER,mountaincar,360,-200.0
DECISION TRANSFORMER,mountaincar,370,-200.0
DECISION TRANSFORMER,mountaincar,380,-200.0
DECISION TRANSFORMER,mountaincar,390,-200.0
DECISION TRANSFORMER,mountaincar,400,-200.0
DECISION TRANSFORMER,mountaincar,410,-200.0
DECISION TRANSFORMER,mountaincar,420,-200.0
DECISION TRANSFORMER,mountaincar,430,-200.0
DECISION TRANSFORMER,mountaincar,440,-200.0
DECISION TRANSFORMER,mountaincar,450,-200.0
DECISION TRANSFORMER,mountaincar,460,-200.0
DECISION TRANSFORMER,mountaincar,470,-200.0
DECISION TRANSFORMER,mountaincar,480,-200.0
DECISION TRANSFORMER,mountaincar,490,-200.0
DECISION TRANSFORMER,mountaincar,500,-200.0
DECISION TRANSFORMER,mountaincar,510,-200.0
DECISION TRANSFORMER,mountaincar,520,-200.0
DECISION TRANSFORMER,mountaincar,530,-200.0
DECISION TRANSFORMER,mountaincar,540,-200.0
DECISION TRANSFORMER,mountaincar,550,-200.0
DECISION TRANSFORMER,mountaincar,560,-200.0
DECISION TRANSFORMER,mountaincar,570,-200.0
DECISION TRANSFORMER,mountaincar,580,-200.0
DECISION TRANSFORMER,mountaincar,590,-200.0
DECISION TRANSFORMER,mountaincar,600,-200.0
DECISION TRANSFORMER,mountaincar,610,-200.0
DECISION TRANSFORMER,mountaincar,620,-200.0
DECISION TRANSFORMER,mountaincar,630,-200.0
DECISION TRANSFORMER,mountaincar,640,-200.0
DECISION TRANSFORMER,mountaincar,650,-200.0
DECISION TRANSFORMER,mountaincar,660,-200.0
DECISION TRANSFORMER,mountaincar,670,-200.0
DECISION TRANSFORMER,mountaincar,680,-200.0
DECISION TRANSFORMER,mountaincar,690,-200.0
DECISION TRANSFORMER,mountaincar,700,-200.0
DECISION TRANSFORMER,mountaincar,710,-200.0
DECISION TRANSFORMER,mountaincar,720,-200.0
DECISION TRANSFORMER,mountaincar,730,-200.0
DECISION TRANSFORMER,mountaincar,740,-200.0
DECISION TRANSFORMER,mountaincar,750,-200.0
DECISION TRANSFORMER,mountaincar,760,-200.0
DECISION TRANSFORMER,mountaincar,770,-200.0
DECISION TRANSFORMER,mountaincar,780,-200.0
DECISION TRANSFORMER,mountaincar,790,-200.0
DECISION TRANSFORMER,mountaincar,800,-200.0
DECISION TRANSFORMER,mountaincar,810,-200.0
DECISION TRANSFORMER,mountaincar,820,-200.0
DECISION TRANSFORMER,mountaincar,830,-200.0
DECISION TRANSFORMER,mountaincar,840,-200.0
DECISION TRANSFORMER,mountaincar,850,-200.0
DECISION TRANSFORMER,mountaincar,860,-200.0
DECISION TRANSFORMER,mountaincar,870,-200.0
DECISION TRANSFORMER,mountaincar,880,-200.0
DECISION TRANSFORMER,mountaincar,890,-200.0
DECISION TRANSFORMER,mountaincar,900,-200.0
DECISION TRANSFORMER,mountaincar,910,-200.0
DECISION TRANSFORMER,mountaincar,920,-200.0
DECISION TRANSFORMER,mountaincar,930,-200.0
DECISION TRANSFORMER,mountaincar,940,-200.0
DECISION TRANSFORMER,mountaincar,950,-200.0
DECISION TRANSFORMER,mountaincar,960,-200.0
DECISION TRANSFORMER,mountaincar,970,-200.0
DECISION TRANSFORMER,mountaincar,980,-200.0
DECISION TRANSFORMER,mountaincar,990,-200.0
DECISION TRANSFORMER,mountaincar,1000,-200.0
DECISION TRANSFORMER,pendulum,10,-1319.91
DECISION TRANSFORMER,pendulum,20,-1293.94
DECISION TRANSFORMER,pendulum,30,-1324.19
DECISION TRANSFORMER,pendulum,40,-1279.81
DECISION TRANSFORMER,pendulum,50,-1169.17
DECISION TRANSFORMER,pendulum,60,-1296.94
DECISION TRANSFORMER,pendulum,70,-1261.78
DECISION TRANSFORMER,pendulum,80,-1325.4
DECISION TRANSFORMER,pendulum,90,-1261.74
DECISION TRANSFORMER,pendulum,100,-1169.3
DECISION TRANSFORMER,pendulum,110,-1315.98
DECISION TRANSFORMER,pendulum,120,-1208.13
DECISION TRANSFORMER,pendulum,130,-1330.58
DECISION TRANSFORMER,pendulum,140,-1247.16
DECISION TRANSFORMER,pendulum,150,-1460.91
DECISION TRANSFORMER,pendulum,160,-1353.19
DECISION TRANSFORMER,pendulum,170,-1463.78
DECISION TRANSFORMER,pendulum,180,-1540.36
DECISION TRANSFORMER,pendulum,190,-1493.23
DECISION TRANSFORMER,pendulum,200,-1546.87
DECISION TRANSFORMER,pendulum,210,-1479.9
DECISION TRANSFORMER,pendulum,220,-1594.59
DECISION TRANSFORMER,pendulum,230,-1586.98
DECISION TRANSFORMER,pendulum,240,-1356.48
DECISION TRANSFORMER,pendulum,250,-1552.52
DECISION TRANSFORMER,pendulum,260,-1625.82
DECISION TRANSFORMER,pendulum,270,-1679.35
DECISION TRANSFORMER,pendulum,280,-1549.59
DECISION TRANSFORMER,pendulum,290,-1503.7
DECISION TRANSFORMER,pendulum,300,-1505.79
DECISION TRANSFORMER,pendulum,310,-1509.78
DECISION TRANSFORMER,pendulum,320,-1615.63
DECISION TRANSFORMER,pendulum,330,-1436.8
DECISION TRANSFORMER,pendulum,340,-1547.55
DECISION TRANSFORMER,pendulum,350,-1629.65
DECISION TRANSFORMER,pendulum,360,-1502.44
DECISION TRANSFORMER,pendulum,370,-1593.53
DECISION TRANSFORMER,pendulum,380,-1595.7
DECISION TRANSFORMER,pendulum,390,-1640.15
DECISION TRANSFORMER,pendulum,400,-1512.4
DECISION TRANSFORMER,pendulum,410,-1641.16
DECISION TRANSFORMER,pendulum,420,-1567.28
DECISION TRANSFORMER,pendulum,430,-1628.84
DECISION TRANSFORMER,pendulum,440,-1551.0
DECISION TRANSFORMER,pendulum,450,-1612.04
DECISION TRANSFORMER,pendulum,460,-1687.51
DECISION TRANSFORMER,pendulum,470,-1592.51
DECISION TRANSFORMER,pendulum,480,-1549.2
DECISION TRANSFORMER,pendulum,490,-1591.48
DECISION TRANSFORMER,pendulum,500,-1601.69
DECISION TRANSFORMER,pendulum,510,-1629.62
DECISION TRANSFORMER,pendulum,520,-1599.94
DECISION TRANSFORMER,pendulum,530,-1645.74
DECISION TRANSFORMER,pendulum,540,-1499.92
DECISION TRANSFORMER,pendulum,550,-1671.84
DECISION TRANSFORMER,pendulum,560,-1607.23
DECISION TRANSFORMER,pendulum,570,-1588.8
DECISION TRANSFORMER,pendulum,580,-1506.17
DECISION TRANSFORMER,pendulum,590,-1721.11
DECISION TRANSFORMER,pendulum,600,-1635.66
DECISION TRANSFORMER,pendulum,610,-1510.88
DECISION TRANSFORMER,pendulum,620,-1538.44
DECISION TRANSFORMER,pendulum,630,-1615.38
DECISION TRANSFORMER,pendulum,640,-1588.07
DECISION TRANSFORMER,pendulum,650,-1614.8
DECISION TRANSFORMER,pendulum,660,-1622.22
DECISION TRANSFORMER,pendulum,670,-1480.17
DECISION TRANSFORMER,pendulum,680,-1607.28
DECISION TRANSFORMER,pendulum,690,-1492.74
DECISION TRANSFORMER,pendulum,700,-1610.04
DECISION TRANSFORMER,pendulum,710,-1533.06
DECISION TRANSFORMER,pendulum,720,-1657.93
DECISION TRANSFORMER,pendulum,730,-1620.32
DECISION TRANSFORMER,pendulum,740,-1528.13
DECISION TRANSFORMER,pendulum,750,-1639.38
DECISION TRANSFORMER,pendulum,760,-1547.8
DECISION TRANSFORMER,pendulum,770,-1492.1
DECISION TRANSFORMER,pendulum,780,-1571.96
DECISION TRANSFORMER,pendulum,790,-1582.35
DECISION TRANSFORMER,pendulum,800,-1498.55
DECISION TRANSFORMER,pendulum,810,-1512.41
DECISION TRANSFORMER,pendulum,820,-1425.78
DECISION TRANSFORMER,pendulum,830,-1501.6
DECISION TRANSFORMER,pendulum,840,-1537.92
DECISION TRANSFORMER,pendulum,850,-1472.63
DECISION TRANSFORMER,pendulum,860,-1358.67
DECISION TRANSFORMER,pendulum,870,-1540.3
DECISION TRANSFORMER,pendulum,880,-1504.86
DECISION TRANSFORMER,pendulum,890,-1562.17
DECISION TRANSFORMER,pendulum,900,-1407.2
DECISION TRANSFORMER,pendulum,910,-1466.77
DECISION TRANSFORMER,pendulum,920,-1456.78
DECISION TRANSFORMER,pendulum,930,-1409.69
DECISION TRANSFORMER,pendulum,940,-1529.87
DECISION TRANSFORMER,pendulum,950,-1516.97
DECISION TRANSFORMER,pendulum,960,-1578.6
DECISION TRANSFORMER,pendulum,970,-1455.82
DECISION TRANSFORMER,pendulum,980,-1426.05
DECISION TRANSFORMER,pendulum,990,-1446.77
DECISION TRANSFORMER,pendulum,1000,-1457.06
IQL,acrobot,10,-500.0
IQL,acrobot,20,-500.0
IQL,acrobot,30,-500.0
IQL,acrobot,40,-500.0
IQL,acrobot,50,-500.0
IQL,acrobot,60,-500.0
IQL,acrobot,70,-500.0
IQL,acrobot,80,-500.0
IQL,acrobot,90,-500.0
IQL,acrobot,100,-500.0
IQL,acrobot,110,-500.0
IQL,acrobot,120,-500.0
IQL,acrobot,130,-500.0
IQL,acrobot,140,-500.0
IQL,acrobot,150,-500.0
IQL,acrobot,160,-500.0
IQL,acrobot,170,-500.0
IQL,acrobot,180,-500.0
IQL,acrobot,190,-500.0
IQL,acrobot,200,-500.0
IQL,acrobot,210,-500.0
IQL,acrobot,220,-500.0
IQL,acrobot,230,-500.0
IQL,acrobot,240,-500.0
IQL,acrobot,250,-500.0
IQL,acrobot,260,-500.0
IQL,acrobot,270,-500.0
IQL,acrobot,280,-500.0
IQL,acrobot,290,-500.0
IQL,acrobot,300,-500.0
IQL,acrobot,310,-500.0
IQL,acrobot,320,-500.0
IQL,acrobot,330,-500.0
IQL,acrobot,340,-500.0
IQL,acrobot,350,-500.0
IQL,acrobot,360,-500.0
IQL,acrobot,370,-500.0
IQL,acrobot,380,-500.0
IQL,acrobot,390,-500.0
IQL,acrobot,400,-500.0
IQL,acrobot,410,-500.0
IQL,acrobot,420,-500.0
IQL,acrobot,430,-500.0
IQL,acrobot,440,-500.0
IQL,acrobot,450,-500.0
IQL,acrobot,460,-500.0
IQL,acrobot,470,-500.0
IQL,acrobot,480,-500.0
IQL,acrobot,490,-500.0
IQL,acrobot,500,-500.0
IQL,acrobot,510,-500.0
IQL,acrobot,520,-500.0
IQL,acrobot,530,-500.0
IQL,acrobot,540,-500.0
IQL,acrobot,550,-500.0
IQL,acrobot,560,-500.0
IQL,acrobot,570,-500.0
IQL,acrobot,580,-500.0
IQL,acrobot,590,-500.0
IQL,acrobot,600,-500.0
IQL,acrobot,610,-500.0
IQL,acrobot,620,-500.0
IQL,acrobot,630,-500.0
IQL,acrobot,640,-500.0
IQL,acrobot,650,-500.0
IQL,acrobot,660,-500.0
IQL,acrobot,670,-500.0
IQL,acrobot,680,-500.0
IQL,acrobot,690,-500.0
IQL,acrobot,700,-500.0
IQL,acrobot,710,-500.0
IQL,acrobot,720,-500.0
IQL,acrobot,730,-500.0
IQL,acrobot,740,-500.0
IQL,acrobot,750,-500.0
IQL,acrobot,760,-500.0
IQL,acrobot,770,-500.0
IQL,acrobot,780,-500.0
IQL,acrobot,790,-500.0
IQL,acrobot,800,-500.0
IQL,acrobot,810,-500.0
IQL,acrobot,820,-500.0
IQL,acrobot,830,-500.0
IQL,acrobot,840,-500.0
IQL,acrobot,850,-500.0
IQL,acrobot,860,-500.0
IQL,acrobot,870,-500.0
IQL,acrobot,880,-500.0
IQL,acrobot,890,-500.0
IQL,acrobot,900,-500.0
IQL,acrobot,910,-500.0
IQL,acrobot,920,-500.0
IQL,acrobot,930,-500.0
IQL,acrobot,940,-500.0
IQL,acrobot,950,-500.0
IQL,acrobot,960,-500.0
IQL,acrobot,970,-500.0
IQL,acrobot,980,-500.0
IQL,acrobot,990,-500.0
IQL,acrobot,1000,-500.0
IQL,cartpole,10,9.5
IQL,cartpole,20,8.8
IQL,cartpole,30,9.3
IQL,cartpole,40,9.3
IQL,cartpole,50,9.3
IQL,cartpole,60,9.7
IQL,cartpole,70,9.2
IQL,cartpole,80,9.5
IQL,cartpole,90,9.3
IQL,cartpole,100,9.4
IQL,cartpole,110,9.2
IQL,cartpole,120,9.5
IQL,cartpole,130,9.3
IQL,cartpole,140,9.3
IQL,cartpole,150,9.4
IQL,cartpole,160,9.9
IQL,cartpole,170,8.9
IQL,cartpole,180,9.4
IQL,cartpole,190,9.3
IQL,cartpole,200,9.5
IQL,cartpole,210,9.1
IQL,cartpole,220,9.4
IQL,cartpole,230,9.5
IQL,cartpole,240,9.3
IQL,cartpole,250,9.5
IQL,cartpole,260,9.4
IQL,cartpole,270,9.4
IQL,cartpole,280,9.1
IQL,cartpole,290,9.0
IQL,cartpole,300,9.3
IQL,cartpole,310,9.1
IQL,cartpole,320,9.6
IQL,cartpole,330,9.2
IQL,cartpole,340,9.5
IQL,cartpole,350,9.8
IQL,cartpole,360,9.3
IQL,cartpole,370,9.3
IQL,cartpole,380,9.0
IQL,cartpole,390,9.5
IQL,cartpole,400,9.9
IQL,cartpole,410,9.4
IQL,cartpole,420,9.0
IQL,cartpole,430,9.1
IQL,cartpole,440,9.8
IQL,cartpole,450,9.3
IQL,cartpole,460,9.5
IQL,cartpole,470,9.7
IQL,cartpole,480,9.0
IQL,cartpole,490,9.8
IQL,cartpole,500,9.5
IQL,cartpole,510,9.1
IQL,cartpole,520,9.4
IQL,cartpole,530,9.3
IQL,cartpole,540,9.1
IQL,cartpole,550,9.2
IQL,cartpole,560,9.5
IQL,cartpole,570,9.3
IQL,cartpole,580,9.0
IQL,cartpole,590,9.2
IQL,cartpole,600,9.0
IQL,cartpole,610,9.1
IQL,cartpole,620,9.7
IQL,cartpole,630,9.5
IQL,cartpole,640,9.3
IQL,cartpole,650,9.1
IQL,cartpole,660,9.0
IQL,cartpole,670,9.6
IQL,cartpole,680,9.2
IQL,cartpole,690,9.3
IQL,cartpole,700,9.5
IQL,cartpole,710,9.6
IQL,cartpole,720,9.6
IQL,cartpole,730,9.6
IQL,cartpole,740,9.0
IQL,cartpole,750,9.3
IQL,cartpole,760,9.4
IQL,cartpole,770,9.2
IQL,cartpole,780,9.2
IQL,cartpole,790,9.4
IQL,cartpole,800,9.6
IQL,cartpole,810,9.0
IQL,cartpole,820,9.3
IQL,cartpole,830,9.6
IQL,cartpole,840,9.2
IQL,cartpole,850,9.6
IQL,cartpole,860,9.5
IQL,cartpole,870,9.7
IQL,cartpole,880,9.0
IQL,cartpole,890,9.5
IQL,cartpole,900,9.6
IQL,cartpole,910,9.4
IQL,cartpole,920,9.5
IQL,cartpole,930,9.7
IQL,cartpole,940,9.4
IQL,cartpole,950,9.6
IQL,cartpole,960,9.2
IQL,cartpole,970,9.9
IQL,cartpole,980,9.4
IQL,cartpole,990,9.2
IQL,cartpole,1000,9.4
IQL,mountaincar,10,-200.0
IQL,mountaincar,20,-200.0
IQL,mountaincar,30,-200.0
IQL,mountaincar,40,-200.0
IQL,mountaincar,50,-200.0
IQL,mountaincar,60,-200.0
IQL,mountaincar,70,-200.0
IQL,mountaincar,80,-200.0
IQL,mountaincar,90,-200.0
IQL,mountaincar,100,-200.0
IQL,mountaincar,110,-200.0
IQL,mountaincar,120,-200.0
IQL,mountaincar,130,-200.0
IQL,mountaincar,140,-200.0
IQL,mountaincar,150,-200.0
IQL,mountaincar,160,-200.0
IQL,mountaincar,170,-200.0
IQL,mountaincar,180,-200.0
IQL,mountaincar,190,-200.0
IQL,mountaincar,200,-200.0
IQL,mountaincar,210,-200.0
IQL,mountaincar,220,-200.0
IQL,mountaincar,230,-200.0
IQL,mountaincar,240,-200.0
IQL,mountaincar,250,-200.0
IQL,mountaincar,260,-200.0
IQL,mountaincar,270,-200.0
IQL,mountaincar,280,-200.0
IQL,mountaincar,290,-200.0
IQL,mountaincar,300,-200.0
IQL,mountaincar,310,-200.0
IQL,mountaincar,320,-200.0
IQL,mountaincar,330,-200.0
IQL,mountaincar,340,-200.0
IQL,mountaincar,350,-200.0
IQL,mountaincar,360,-200.0
IQL,mountaincar,370,-200.0
IQL,mountaincar,380,-200.0
IQL,mountaincar,390,-200.0
IQL,mountaincar,400,-200.0
IQL,mountaincar,410,-200.0
IQL,mountaincar,420,-200.0
IQL,mountaincar,430,-200.0
IQL,mountaincar,440,-200.0
IQL,mountaincar,450,-200.0
IQL,mountaincar,460,-200.0
IQL,mountaincar,470,-200.0
IQL,mountaincar,480,-200.0
IQL,mountaincar,490,-200.0
IQL,mountaincar,500,-200.0
IQL,mountaincar,510,-200.0
IQL,mountaincar,520,-200.0
IQL,mountaincar,530,-200.0
IQL,mountaincar,540,-200.0
IQL,mountaincar,550,-200.0
IQL,mountaincar,560,-200.0
IQL,mountaincar,570,-200.0
IQL,mountaincar,580,-200.0
IQL,mountaincar,590,-200.0
IQL,mountaincar,600,-200.0
IQL,mountaincar,610,-200.0
IQL,mountaincar,620,-200.0
IQL,mountaincar,630,-200.0
IQL,mountaincar,640,-200.0
IQL,mountaincar,650,-200.0
IQL,mountaincar,660,-200.0
IQL,mountaincar,670,-200.0
IQL,mountaincar,680,-200.0
IQL,mountaincar,690,-200.0
IQL,mountaincar,700,-200.0
IQL,mountaincar,710,-200.0
IQL,mountaincar,720,-200.0
IQL,mountaincar,730,-200.0
IQL,mountaincar,740,-200.0
IQL,mountaincar,750,-200.0
IQL,mountaincar,760,-200.0
IQL,mountaincar,770,-200.0
IQL,mountaincar,780,-200.0
IQL,mountaincar,790,-200.0
IQL,mountaincar,800,-200.0
IQL,mountaincar,810,-200.0
IQL,mountaincar,820,-200.0
IQL,mountaincar,830,-200.0
IQL,mountaincar,840,-200.0
IQL,mountaincar,850,-200.0
IQL,mountaincar,860,-200.0
IQL,mountaincar,870,-200.0
IQL,mountaincar,880,-200.0
IQL,mountaincar,890,-200.0
IQL,mountaincar,900,-200.0
IQL,mountaincar,910,-200.0
IQL,mountaincar,920,-200.0
IQL,mountaincar,930,-200.0
IQL,mountaincar,940,-200.0
IQL,mountaincar,950,-200.0
IQL,mountaincar,960,-200.0
IQL,mountaincar,970,-200.0
IQL,mountaincar,980,-200.0
IQL,mountaincar,990,-200.0
IQL,mountaincar,1000,-200.0
IQL,pendulum,10,-1207.97
IQL,pendulum,20,-1152.27
IQL,pendulum,30,-1220.48
IQL,pendulum,40,-1191.61
IQL,pendulum,50,-1160.5
IQL,pendulum,60,-1112.81
IQL,pendulum,70,-1058.59
IQL,pendulum,80,-965.95
IQL,pendulum,90,-1066.42
IQL,pendulum,100,-1059.14
IQL,pendulum,110,-937.95
IQL,pendulum,120,-1000.7
IQL,pendulum,130,-863.93
IQL,pendulum,140,-935.41
IQL,pendulum,150,-884.43
IQL,pendulum,160,-926.69
IQL,pendulum,170,-980.99
IQL,pendulum,180,-858.34
IQL,pendulum,190,-701.01
IQL,pendulum,200,-842.94
IQL,pendulum,210,-925.47
IQL,pendulum,220,-976.93
IQL,pendulum,230,-774.63
IQL,pendulum,240,-809.83
IQL,pendulum,250,-711.8
IQL,pendulum,260,-735.96
IQL,pendulum,270,-819.36
IQL,pendulum,280,-825.83
IQL,pendulum,290,-674.2
IQL,pendulum,300,-579.74
IQL,pendulum,310,-676.34
IQL,pendulum,320,-576.37
IQL,pendulum,330,-611.22
IQL,pendulum,340,-410.44
IQL,pendulum,350,-643.43
IQL,pendulum,360,-436.61
IQL,pendulum,370,-414.68
IQL,pendulum,380,-692.29
IQL,pendulum,390,-346.82
IQL,pendulum,400,-401.06
IQL,pendulum,410,-310.31
IQL,pendulum,420,-316.58
IQL,pendulum,430,-256.94
IQL,pendulum,440,-295.95
IQL,pendulum,450,-316.73
IQL,pendulum,460,-464.8
IQL,pendulum,470,-321.43
IQL,pendulum,480,-493.99
IQL,pendulum,490,-434.26
IQL,pendulum,500,-238.07
IQL,pendulum,510,-400.18
IQL,pendulum,520,-270.83
IQL,pendulum,530,-418.63
IQL,pendulum,540,-322.97
IQL,pendulum,550,-259.56
IQL,pendulum,560,-233.56
IQL,pendulum,570,-259.04
IQL,pendulum,580,-395.22
IQL,pendulum,590,-516.97
IQL,pendulum,600,-198.33
IQL,pendulum,610,-632.19
IQL,pendulum,620,-321.17
IQL,pendulum,630,-430.35
IQL,pendulum,640,-173.7
IQL,pendulum,650,-363.03
IQL,pendulum,660,-364.75
IQL,pendulum,670,-257.96
IQL,pendulum,680,-425.22
IQL,pendulum,690,-486.98
IQL,pendulum,700,-221.12
IQL,pendulum,710,-413.05
IQL,pendulum,720,-310.38
IQL,pendulum,730,-318.75
IQL,pendulum,740,-376.83
IQL,pendulum,750,-327.68
IQL,pendulum,760,-354.31
IQL,pendulum,770,-309.15
IQL,pendulum,780,-319.08
IQL,pendulum,790,-480.17
IQL,pendulum,800,-507.45
IQL,pendulum,810,-317.66
IQL,pendulum,820,-314.96
IQL,pendulum,830,-317.76
IQL,pendulum,840,-329.18
IQL,pendulum,850,-280.03
IQL,pendulum,860,-325.47
IQL,pendulum,870,-184.63
IQL,pendulum,880,-314.73
IQL,pendulum,890,-278.11
IQL,pendulum,900,-283.42
IQL,pendulum,910,-327.36
IQL,pendulum,920,-356.4
IQL,pendulum,930,-284.13
IQL,pendulum,940,-293.98
IQL,pendulum,950,-351.61
IQL,pendulum,960,-373.93
IQL,pendulum,970,-364.9
IQL,pendulum,980,-399.15
IQL,pendulum,990,-402.24
IQL,pendulum,1000,-231.58
CQL,acrobot,10,-500.0
CQL,acrobot,20,-500.0
CQL,acrobot,30,-500.0
CQL,acrobot,40,-500.0
CQL,acrobot,50,-500.0
CQL,acrobot,60,-500.0
CQL,acrobot,70,-500.0
CQL,acrobot,80,-500.0
CQL,acrobot,90,-500.0
CQL,acrobot,100,-500.0
CQL,acrobot,110,-500.0
CQL,acrobot,120,-500.0
CQL,acrobot,130,-500.0
CQL,acrobot,140,-500.0
CQL,acrobot,150,-500.0
CQL,acrobot,160,-500.0
CQL,acrobot,170,-500.0
CQL,acrobot,180,-500.0
CQL,acrobot,190,-500.0
CQL,acrobot,200,-500.0
CQL,acrobot,210,-500.0
CQL,acrobot,220,-500.0
CQL,acrobot,230,-500.0
CQL,acrobot,240,-500.0
CQL,acrobot,250,-500.0
CQL,acrobot,260,-500.0
CQL,acrobot,270,-500.0
CQL,acrobot,280,-500.0
CQL,acrobot,290,-500.0
CQL,acrobot,300,-500.0
CQL,acrobot,310,-500.0
CQL,acrobot,320,-500.0
CQL,acrobot,330,-500.0
CQL,acrobot,340,-500.0
CQL,acrobot,350,-500.0
CQL,acrobot,360,-500.0
CQL,acrobot,370,-500.0
CQL,acrobot,380,-500.0
CQL,acrobot,390,-500.0
CQL,acrobot,400,-500.0
CQL,acrobot,410,-500.0
CQL,acrobot,420,-500.0
CQL,acrobot,430,-500.0
CQL,acrobot,440,-500.0
CQL,acrobot,450,-500.0
CQL,acrobot,460,-500.0
CQL,acrobot,470,-500.0
CQL,acrobot,480,-500.0
CQL,acrobot,490,-500.0
CQL,acrobot,500,-500.0
CQL,acrobot,510,-500.0
CQL,acrobot,520,-500.0
CQL,acrobot,530,-500.0
CQL,acrobot,540,-500.0
CQL,acrobot,550,-500.0
CQL,acrobot,560,-500.0
CQL,acrobot,570,-500.0
CQL,acrobot,580,-500.0
CQL,acrobot,590,-500.0
CQL,acrobot,600,-500.0
CQL,acrobot,610,-500.0
CQL,acrobot,620,-500.0
CQL,acrobot,630,-500.0
CQL,acrobot,640,-500.0
CQL,acrobot,650,-500.0
CQL,acrobot,660,-500.0
CQL,acrobot,670,-500.0
CQL,acrobot,680,-500.0
CQL,acrobot,690,-500.0
CQL,acrobot,700,-500.0
CQL,acrobot,710,-500.0
CQL,acrobot,720,-500.0
CQL,acrobot,730,-500.0
CQL,acrobot,740,-500.0
CQL,acrobot,750,-500.0
CQL,acrobot,760,-500.0
CQL,acrobot,770,-500.0
CQL,acrobot,780,-500.0
CQL,acrobot,790,-500.0
CQL,acrobot,800,-500.0
CQL,acrobot,810,-500.0
CQL,acrobot,820,-500.0
CQL,acrobot,830,-500.0
CQL,acrobot,840,-500.0
CQL,acrobot,850,-500.0
CQL,acrobot,860,-500.0
CQL,acrobot,870,-500.0
CQL,acrobot,880,-500.0
CQL,acrobot,890,-500.0
CQL,acrobot,900,-500.0
CQL,acrobot,910,-500.0
CQL,acrobot,920,-500.0
CQL,acrobot,930,-500.0
CQL,acrobot,940,-500.0
CQL,acrobot,950,-500.0
CQL,acrobot,960,-500.0
CQL,acrobot,970,-500.0
CQL,acrobot,980,-500.0
CQL,acrobot,990,-500.0
CQL,acrobot,1000,-500.0
CQL,cartpole,10,9.1
CQL,cartpole,20,9.4
CQL,cartpole,30,9.8
CQL,cartpole,40,9.1
CQL,cartpole,50,9.5
CQL,cartpole,60,9.4
CQL,cartpole,70,9.0
CQL,cartpole,80,9.2
CQL,cartpole,90,9.2
CQL,cartpole,100,9.8
CQL,cartpole,110,9.5
CQL,cartpole,120,9.1
CQL,cartpole,130,9.1
CQL,cartpole,140,9.3
CQL,cartpole,150,9.6
CQL,cartpole,160,9.5
CQL,cartpole,170,9.3
CQL,cartpole,180,9.3
CQL,cartpole,190,9.8
CQL,cartpole,200,9.1
CQL,cartpole,210,9.6
CQL,cartpole,220,9.2
CQL,cartpole,230,9.2
CQL,cartpole,240,9.5
CQL,cartpole,250,9.4
CQL,cartpole,260,9.4
CQL,cartpole,270,9.2
CQL,cartpole,280,8.9
CQL,cartpole,290,9.3
CQL,cartpole,300,9.0
CQL,cartpole,310,9.1
CQL,cartpole,320,9.5
CQL,cartpole,330,9.3
CQL,cartpole,340,9.2
CQL,cartpole,350,9.1
CQL,cartpole,360,9.5
CQL,cartpole,370,9.4
CQL,cartpole,380,9.2
CQL,cartpole,390,9.5
CQL,cartpole,400,9.4
CQL,cartpole,410,9.2
CQL,cartpole,420,9.5
CQL,cartpole,430,8.8
CQL,cartpole,440,9.7
CQL,cartpole,450,9.1
CQL,cartpole,460,9.2
CQL,cartpole,470,9.2
CQL,cartpole,480,9.7
CQL,cartpole,490,9.5
CQL,cartpole,500,8.9
CQL,cartpole,510,9.5
CQL,cartpole,520,9.4
CQL,cartpole,530,9.3
CQL,cartpole,540,9.7
CQL,cartpole,550,9.8
CQL,cartpole,560,9.6
CQL,cartpole,570,9.8
CQL,cartpole,580,9.4
CQL,cartpole,590,9.6
CQL,cartpole,600,9.3
CQL,cartpole,610,9.6
CQL,cartpole,620,9.2
CQL,cartpole,630,9.6
CQL,cartpole,640,9.5
CQL,cartpole,650,9.4
CQL,cartpole,660,9.7
CQL,cartpole,670,9.1
CQL,cartpole,680,9.1
CQL,cartpole,690,9.4
CQL,cartpole,700,8.9
CQL,cartpole,710,9.4
CQL,cartpole,720,9.3
CQL,cartpole,730,9.4
CQL,cartpole,740,9.7
CQL,cartpole,750,9.5
CQL,cartpole,760,9.0
CQL,cartpole,770,9.9
CQL,cartpole,780,9.4
CQL,cartpole,790,9.5
CQL,cartpole,800,9.6
CQL,cartpole,810,9.7
CQL,cartpole,820,9.5
CQL,cartpole,830,9.1
CQL,cartpole,840,9.3
CQL,cartpole,850,9.5
CQL,cartpole,860,9.3
CQL,cartpole,870,9.1
CQL,cartpole,880,9.2
CQL,cartpole,890,9.5
CQL,cartpole,900,9.3
CQL,cartpole,910,9.2
CQL,cartpole,920,9.6
CQL,cartpole,930,9.6
CQL,cartpole,940,9.1
CQL,cartpole,950,9.5
CQL,cartpole,960,9.7
CQL,cartpole,970,9.3
CQL,cartpole,980,9.3
CQL,cartpole,990,9.9
CQL,cartpole,1000,9.2
CQL,mountaincar,10,-200.0
CQL,mountaincar,20,-200.0
CQL,mountaincar,30,-200.0
CQL,mountaincar,40,-200.0
CQL,mountaincar,50,-200.0
CQL,mountaincar,60,-200.0
CQL,mountaincar,70,-200.0
CQL,mountaincar,80,-200.0
CQL,mountaincar,90,-200.0
CQL,mountaincar,100,-200.0
CQL,mountaincar,110,-200.0
CQL,mountaincar,120,-200.0
CQL,mountaincar,130,-200.0
CQL,mountaincar,140,-200.0
CQL,mountaincar,150,-200.0
CQL,mountaincar,160,-200.0
CQL,mountaincar,170,-200.0
CQL,mountaincar,180,-200.0
CQL,mountaincar,190,-200.0
CQL,mountaincar,200,-200.0
CQL,mountaincar,210,-200.0
CQL,mountaincar,220,-200.0
CQL,mountaincar,230,-200.0
CQL,mountaincar,240,-200.0
CQL,mountaincar,250,-200.0
CQL,mountaincar,260,-200.0
CQL,mountaincar,270,-200.0
CQL,mountaincar,280,-200.0
CQL,mountaincar,290,-200.0
CQL,mountaincar,300,-200.0
CQL,mountaincar,310,-200.0
CQL,mountaincar,320,-200.0
CQL,mountaincar,330,-200.0
CQL,mountaincar,340,-200.0
CQL,mountaincar,350,-200.0
CQL,mountaincar,360,-200.0
CQL,mountaincar,370,-200.0
CQL,mountaincar,380,-200.0
CQL,mountaincar,390,-200.0
CQL,mountaincar,400,-200.0
CQL,mountaincar,410,-200.0
CQL,mountaincar,420,-200.0
CQL,mountaincar,430,-200.0
CQL,mountaincar,440,-200.0
CQL,mountaincar,450,-200.0
CQL,mountaincar,460,-200.0
CQL,mountaincar,470,-200.0
CQL,mountaincar,480,-200.0
CQL,mountaincar,490,-200.0
CQL,mountaincar,500,-200.0
CQL,mountaincar,510,-200.0
CQL,mountaincar,520,-200.0
CQL,mountaincar,530,-200.0
CQL,mountaincar,540,-200.0
CQL,mountaincar,550,-200.0
CQL,mountaincar,560,-200.0
CQL,mountaincar,570,-200.0
CQL,mountaincar,580,-200.0
CQL,mountaincar,590,-200.0
CQL,mountaincar,600,-200.0
CQL,mountaincar,610,-200.0
CQL,mountaincar,620,-200.0
CQL,mountaincar,630,-200.0
CQL,mountaincar,640,-200.0
CQL,mountaincar,650,-200.0
CQL,mountaincar,660,-200.0
CQL,mountaincar,670,-200.0
CQL,mountaincar,680,-200.0
CQL,mountaincar,690,-200.0
CQL,mountaincar,700,-200.0
CQL,mountaincar,710,-200.0
CQL,mountaincar,720,-200.0
CQL,mountaincar,730,-200.0
CQL,mountaincar,740,-200.0
CQL,mountaincar,750,-200.0
CQL,mountaincar,760,-200.0
CQL,mountaincar,770,-200.0
CQL,mountaincar,780,-200.0
CQL,mountaincar,790,-200.0
CQL,mountaincar,800,-200.0
CQL,mountaincar,810,-200.0
CQL,mountaincar,820,-200.0
CQL,mountaincar,830,-200.0
CQL,mountaincar,840,-200.0
CQL,mountaincar,850,-200.0
CQL,mountaincar,860,-200.0
CQL,mountaincar,870,-200.0
CQL,mountaincar,880,-200.0
CQL,mountaincar,890,-200.0
CQL,mountaincar,900,-200.0
CQL,mountaincar,910,-200.0
CQL,mountaincar,920,-200.0
CQL,mountaincar,930,-200.0
CQL,mountaincar,940,-200.0
CQL,mountaincar,950,-200.0
CQL,mountaincar,960,-200.0
CQL,mountaincar,970,-200.0
CQL,mountaincar,980,-200.0
CQL,mountaincar,990,-200.0
CQL,mountaincar,1000,-200.0
CQL,pendulum,10,-1248.34
CQL,pendulum,20,-1264.87
CQL,pendulum,30,-1219.52
CQL,pendulum,40,-1153.14
CQL,pendulum,50,-1001.8
CQL,pendulum,60,-1049.07
CQL,pendulum,70,-899.56
CQL,pendulum,80,-961.18
CQL,pendulum,90,-1159.92
CQL,pendulum,100,-1148.61
CQL,pendulum,110,-1189.55
CQL,pendulum,120,-1073.32
CQL,pendulum,130,-959.91
CQL,pendulum,140,-964.59
CQL,pendulum,150,-1026.92
CQL,pendulum,160,-1013.43
CQL,pendulum,170,-1110.59
CQL,pendulum,180,-1110.09
CQL,pendulum,190,-983.82
CQL,pendulum,200,-1120.49
CQL,pendulum,210,-991.82
CQL,pendulum,220,-1043.56
CQL,pendulum,230,-967.03
CQL,pendulum,240,-1114.2
CQL,pendulum,250,-1046.44
CQL,pendulum,260,-1162.53
CQL,pendulum,270,-977.3
CQL,pendulum,280,-999.68
CQL,pendulum,290,-1103.71
CQL,pendulum,300,-1221.5
CQL,pendulum,310,-1076.53
CQL,pendulum,320,-1178.34
CQL,pendulum,330,-1228.45
CQL,pendulum,340,-1066.42
CQL,pendulum,350,-1129.4
CQL,pendulum,360,-909.49
CQL,pendulum,370,-1185.39
CQL,pendulum,380,-1093.05
CQL,pendulum,390,-1140.22
CQL,pendulum,400,-1056.31
CQL,pendulum,410,-1291.65
CQL,pendulum,420,-1362.39
CQL,pendulum,430,-1108.14
CQL,pendulum,440,-1158.76
CQL,pendulum,450,-1218.86
CQL,pendulum,460,-1085.34
CQL,pendulum,470,-1187.59
CQL,pendulum,480,-1178.61
CQL,pendulum,490,-1151.23
CQL,pendulum,500,-1247.88
CQL,pendulum,510,-1075.82
CQL,pendulum,520,-1273.43
CQL,pendulum,530,-1073.55
CQL,pendulum,540,-1159.52
CQL,pendulum,550,-1064.13
CQL,pendulum,560,-1110.4
CQL,pendulum,570,-1165.65
CQL,pendulum,580,-1304.94
CQL,pendulum,590,-1070.87
CQL,pendulum,600,-1202.56
CQL,pendulum,610,-1128.89
CQL,pendulum,620,-1215.76
CQL,pendulum,630,-1042.0
CQL,pendulum,640,-1270.8
CQL,pendulum,650,-1138.17
CQL,pendulum,660,-1230.97
CQL,pendulum,670,-1303.29
CQL,pendulum,680,-1051.65
CQL,pendulum,690,-1316.16
CQL,pendulum,700,-1130.85
CQL,pendulum,710,-1038.95
CQL,pendulum,720,-1165.93
CQL,pendulum,730,-1170.69
CQL,pendulum,740,-1086.37
CQL,pendulum,750,-1288.39
CQL,pendulum,760,-1292.39
CQL,pendulum,770,-1168.11
CQL,pendulum,780,-1283.75
CQL,pendulum,790,-1206.58
CQL,pendulum,800,-1146.5
CQL,pendulum,810,-1182.74
CQL,pendulum,820,-1244.81
CQL,pendulum,830,-1260.82
CQL,pendulum,840,-1230.07
CQL,pendulum,850,-1333.37
CQL,pendulum,860,-1219.6
CQL,pendulum,870,-1079.94
CQL,pendulum,880,-1247.22
CQL,pendulum,890,-1045.63
CQL,pendulum,900,-1407.85
CQL,pendulum,910,-1140.1
CQL,pendulum,920,-1023.62
CQL,pendulum,930,-1352.5
CQL,pendulum,940,-1159.73
CQL,pendulum,950,-1196.09
CQL,pendulum,960,-1246.76
CQL,pendulum,970,-1031.57
CQL,pendulum,980,-1196.45
CQL,pendulum,990,-1166.42
CQL,pendulum,1000,-1140.21
